{"entities":{"pages":{"readme":{"id":"readme","title":"Readme","url":"readme.html","level":0,"tabIndex":0},"spring-index":{"id":"spring-index","title":"Spring","url":"spring-index.html","level":0,"pages":["gradle","spring-jwt"],"tabIndex":1},"gradle":{"id":"gradle","title":"Gradle","url":"gradle.html","level":1,"parentId":"spring-index","tabIndex":0},"spring-jwt":{"id":"spring-jwt","title":"JWT / JWK","url":"spring-jwt.html","level":1,"parentId":"spring-index","tabIndex":1},"devops-index":{"id":"devops-index","title":"DevOps","url":"devops-index.html","level":0,"pages":["ubuntu-index","auth-index","docker-index"],"tabIndex":2},"ubuntu-index":{"id":"ubuntu-index","title":"Linux","url":"ubuntu-index.html","level":1,"parentId":"devops-index","pages":["ubuntu-startup","ubuntu-partition","ubuntu-ufw","ubuntu-wol","ubuntu-command-index","ubuntu-wsl"],"tabIndex":0},"ubuntu-startup":{"id":"ubuntu-startup","title":"최초 설정 \u0026 패키지 설치","url":"ubuntu-startup.html","level":2,"parentId":"ubuntu-index","tabIndex":0},"ubuntu-partition":{"id":"ubuntu-partition","title":"디스크 \u0026 파티션 관리","url":"ubuntu-partition.html","level":2,"parentId":"ubuntu-index","tabIndex":1},"ubuntu-ufw":{"id":"ubuntu-ufw","title":"UFW (Uncomplicated Firewall) 설정","url":"ubuntu-ufw.html","level":2,"parentId":"ubuntu-index","tabIndex":2},"ubuntu-wol":{"id":"ubuntu-wol","title":"WOL (Wake On Lan) 설정","url":"ubuntu-wol.html","level":2,"parentId":"ubuntu-index","tabIndex":3},"ubuntu-command-index":{"id":"ubuntu-command-index","title":"Linux 명령어","url":"ubuntu-command-index.html","level":2,"parentId":"ubuntu-index","pages":["ubuntu-command-rsync","ubuntu-command-crontab","ubuntu-command-sed"],"tabIndex":4},"ubuntu-command-rsync":{"id":"ubuntu-command-rsync","title":"rsync","url":"ubuntu-command-rsync.html","level":3,"parentId":"ubuntu-command-index","tabIndex":0},"ubuntu-command-crontab":{"id":"ubuntu-command-crontab","title":"crontab","url":"ubuntu-command-crontab.html","level":3,"parentId":"ubuntu-command-index","tabIndex":1},"ubuntu-command-sed":{"id":"ubuntu-command-sed","title":"sed","url":"ubuntu-command-sed.html","level":3,"parentId":"ubuntu-command-index","tabIndex":2},"ubuntu-wsl":{"id":"ubuntu-wsl","title":"WSL","url":"ubuntu-wsl.html","level":2,"parentId":"ubuntu-index","tabIndex":5},"auth-index":{"id":"auth-index","title":"인증 / 증명","url":"auth-index.html","level":1,"parentId":"devops-index","pages":["auth-ssh","auth-ssh-fail2ban","auth-pgp"],"tabIndex":1},"auth-ssh":{"id":"auth-ssh","title":"SSH","url":"auth-ssh.html","level":2,"parentId":"auth-index","tabIndex":0},"auth-ssh-fail2ban":{"id":"auth-ssh-fail2ban","title":"Fail2Ban","url":"auth-ssh-fail2ban.html","level":2,"parentId":"auth-index","tabIndex":1},"auth-pgp":{"id":"auth-pgp","title":"PGP","url":"auth-pgp.html","level":2,"parentId":"auth-index","tabIndex":2},"docker-index":{"id":"docker-index","title":"Docker","url":"docker-index.html","level":1,"parentId":"devops-index","pages":["docker","docker-compose","podman","docker-safe-image","k8s","docker-services-index"],"tabIndex":2},"docker":{"id":"docker","title":"Docker","url":"docker.html","level":2,"parentId":"docker-index","tabIndex":0},"docker-compose":{"id":"docker-compose","title":"Docker Compose","url":"docker-compose.html","level":2,"parentId":"docker-index","tabIndex":1},"podman":{"id":"podman","title":"Podman","url":"podman.html","level":2,"parentId":"docker-index","tabIndex":2},"docker-safe-image":{"id":"docker-safe-image","title":"안전한 Docker 이미지 만들기","url":"docker-safe-image.html","level":2,"parentId":"docker-index","tabIndex":3},"k8s":{"id":"k8s","title":"Kubernetes","url":"k8s.html","level":2,"parentId":"docker-index","tabIndex":4},"docker-services-index":{"id":"docker-services-index","title":"Docker 서비스","url":"docker-services-index.html","level":2,"parentId":"docker-index","pages":["docker-services-portainer"],"tabIndex":5},"docker-services-portainer":{"id":"docker-services-portainer","title":"Portainer","url":"docker-services-portainer.html","level":3,"parentId":"docker-services-index","tabIndex":0},"git-index":{"id":"git-index","title":"Git","url":"git-index.html","level":0,"pages":["git-commit","git-gitlab"],"tabIndex":3},"git-commit":{"id":"git-commit","title":"Commit Convension","url":"git-commit.html","level":1,"parentId":"git-index","tabIndex":0},"git-gitlab":{"id":"git-gitlab","title":"Gitlab","url":"git-gitlab.html","level":1,"parentId":"git-index","tabIndex":1},"network-index":{"id":"network-index","title":"Network","url":"network-index.html","level":0,"pages":["network-tls","network-nginx"],"tabIndex":4},"network-tls":{"id":"network-tls","title":"SSL / TLS","url":"network-tls.html","level":1,"parentId":"network-index","tabIndex":0},"network-nginx":{"id":"network-nginx","title":"Nginx","url":"network-nginx.html","level":1,"parentId":"network-index","tabIndex":1},"db-index":{"id":"db-index","title":"Database","url":"db-index.html","level":0,"pages":["db-mssql-index"],"tabIndex":5},"db-mssql-index":{"id":"db-mssql-index","title":"SQL Server (MSSQL)","url":"db-mssql-index.html","level":1,"parentId":"db-index","pages":["db-mssql-backup"],"tabIndex":0},"db-mssql-backup":{"id":"db-mssql-backup","title":"Backup \u0026 Restore Guide","url":"db-mssql-backup.html","level":2,"parentId":"db-mssql-index","tabIndex":0},"nodejs":{"id":"nodejs","title":"nodejs","url":"nodejs.html","level":0,"tabIndex":6},"python":{"id":"python","title":"Python","url":"python.html","level":0,"tabIndex":7}}},"topLevelIds":["readme","spring-index","devops-index","git-index","network-index","db-index","nodejs","python"]}